{"loop":true,"bones":{"body":{"position":[0,-2.7,0]},"head":{"rotation":[25.80136,-66.65475,-9.45326]},"leg0":{"rotation":[-79.37242,-19.6835,-3.61644]},"leg1":{"rotation":[-84.36696,-27.38656,-2.59775]},"leg2":{"rotation":[-84.95708,-7.4713,-0.6574]},"leg3":{"rotation":[-84.75867,-17.43127,-1.5741]},"tailbase":{"rotation":[-17.5,70,0]},"tailmid":{"rotation":[80.61777,75.08019,101.061]},"tailend":{"rotation":[15.50409,14.47751,3.96713]}}}